Alkali bees,1
Flavonoid compounds,1
Flower development,1
Impatiens,1
Code of ethics,1
Direct and indirect mutagens,1
Equatorial region,1
Skatole,1
Activity level,1
Alternate patterns,1
Centromere index,1
Temperature variations,1
Transition/transversion ratio,1
Gammarus,1
Colour constancy,1
Cobalt hexamine chloride,1
Central Anatolian ecotypes (A. m. Anatoliaca),1
Method of evaluation,1
Tergal gland secretions,1
Apis millifera,1
Fenitrothion,1
Hippocampus,1
Accessory pulsatile organs,1
Nectar production rate,1
Diterpenoic acid,1
